name;competence;willingness
alice;0.64320095454004325;0.754345553323409109509
alice;0.38894674632871904974;0.43098742987443928
alice;0.493902580932098420409598;0.6298473788523423288667
alice;0.632488728929843298234321231;0.67435543888020198308957
alice;0.59320905490320903424090895849302;0.684030329048859094093248903242